[
    {
        "id": 1,
        "name": "",
        "description": "",
        "price": 0,
        "category_id": null,
        "marka_id": null,
        "image": "",
        "stock": 0,
        "created_at": "2025-08-30 13:43:45",
        "updated_at": "2025-08-30 13:43:45"
    },
    {
        "id": 2,
        "name": "",
        "description": "",
        "price": 0,
        "category_id": null,
        "marka_id": null,
        "image": "",
        "stock": 0,
        "created_at": "2025-08-30 13:48:29",
        "updated_at": "2025-08-30 13:48:29"
    },
    {
        "id": 3,
        "name": "",
        "description": "",
        "price": 0,
        "category_id": null,
        "marka_id": null,
        "image": "",
        "stock": 0,
        "created_at": "2025-08-30 15:42:25",
        "updated_at": "2025-08-30 15:42:25"
    },
    {
        "id": 4,
        "name": "",
        "description": "",
        "price": 0,
        "category_id": null,
        "marka_id": null,
        "image": "",
        "stock": 0,
        "created_at": "2025-08-30 15:53:06",
        "updated_at": "2025-08-30 15:53:06"
    },
    {
        "id": 5,
        "name": "",
        "description": "",
        "price": 0,
        "category_id": null,
        "marka_id": null,
        "image": "",
        "stock": 0,
        "created_at": "2025-08-30 16:05:53",
        "updated_at": "2025-08-30 16:05:53"
    },
    {
        "id": 6,
        "name": "",
        "description": "",
        "price": 0,
        "category_id": null,
        "marka_id": null,
        "image": "",
        "stock": 0,
        "created_at": "2025-08-30 16:08:42",
        "updated_at": "2025-08-30 16:08:42"
    },
    {
        "id": 7,
        "name": "",
        "description": "",
        "price": 0,
        "category_id": null,
        "marka_id": null,
        "image": "",
        "stock": 0,
        "created_at": "2025-08-30 16:25:52",
        "updated_at": "2025-08-30 16:25:52"
    },
    {
        "id": 8,
        "name": "",
        "description": "",
        "price": 0,
        "category_id": null,
        "marka_id": null,
        "image": "",
        "stock": 0,
        "created_at": "2025-08-30 16:32:41",
        "updated_at": "2025-08-30 16:32:41"
    },
    {
        "id": 9,
        "name": "",
        "description": "",
        "price": 0,
        "category_id": null,
        "marka_id": null,
        "image": "",
        "stock": 0,
        "created_at": "2025-08-30 16:32:41",
        "updated_at": "2025-08-30 16:32:41"
    },
    {
        "id": 10,
        "name": "",
        "description": "",
        "price": 0,
        "category_id": null,
        "marka_id": null,
        "image": "",
        "stock": 0,
        "created_at": "2025-08-30 16:38:37",
        "updated_at": "2025-08-30 16:38:37"
    },
    {
        "id": 11,
        "name": "",
        "description": "",
        "price": 0,
        "category_id": null,
        "marka_id": null,
        "image": "",
        "stock": 0,
        "created_at": "2025-08-30 16:38:38",
        "updated_at": "2025-08-30 16:38:38"
    },
    {
        "id": 12,
        "name": "",
        "description": "",
        "price": 0,
        "category_id": null,
        "marka_id": null,
        "image": "",
        "stock": 0,
        "created_at": "2025-08-30 16:42:15",
        "updated_at": "2025-08-30 16:42:15"
    },
    {
        "id": 13,
        "name": "",
        "description": "",
        "price": 0,
        "category_id": null,
        "marka_id": null,
        "image": "",
        "stock": 0,
        "created_at": "2025-08-30 16:43:26",
        "updated_at": "2025-08-30 16:43:26"
    },
    {
        "id": 14,
        "name": "",
        "description": "",
        "price": 0,
        "category_id": null,
        "marka_id": null,
        "image": "",
        "stock": 0,
        "created_at": "2025-08-30 16:43:26",
        "updated_at": "2025-08-30 16:43:26"
    }
]