[
    {
        "id": 1,
        "name": "",
        "description": "",
        "image": "",
        "created_at": "2025-08-30 13:43:45",
        "updated_at": "2025-08-30 13:43:45"
    },
    {
        "id": 2,
        "name": "",
        "description": "",
        "image": "",
        "created_at": "2025-08-30 13:48:29",
        "updated_at": "2025-08-30 13:48:29"
    },
    {
        "id": 3,
        "name": "",
        "description": "",
        "image": "",
        "created_at": "2025-08-30 15:42:25",
        "updated_at": "2025-08-30 15:42:25"
    },
    {
        "id": 4,
        "name": "",
        "description": "",
        "image": "",
        "created_at": "2025-08-30 15:53:06",
        "updated_at": "2025-08-30 15:53:06"
    },
    {
        "id": 5,
        "name": "Electronics Test 1756556085352",
        "description": "Test electronics category",
        "image": "",
        "created_at": "2025-08-30 16:14:45",
        "updated_at": "2025-08-30 16:14:45"
    },
    {
        "id": 6,
        "name": "Debug Category 1756556184707",
        "description": "Debug description",
        "image": "",
        "created_at": "2025-08-30 16:16:24",
        "updated_at": "2025-08-30 16:16:24"
    },
    {
        "id": 7,
        "name": "Fixed Test Category 1756556641050",
        "description": "Testing fixed CRUD operations",
        "image": "",
        "created_at": "2025-08-30 16:24:01",
        "updated_at": "2025-08-30 16:24:01"
    },
    {
        "id": 8,
        "name": "Complete Test 1756556840884",
        "description": "Testing complete CRUD cycle",
        "image": "",
        "created_at": "2025-08-30 16:27:20",
        "updated_at": "2025-08-30 16:27:20"
    },
    {
        "id": 9,
        "name": "Test Category CRUD",
        "description": "Test description for CRUD",
        "image": "",
        "created_at": "2025-08-30 16:32:41",
        "updated_at": "2025-08-30 16:32:41"
    },
    {
        "id": 10,
        "name": "Final Test Category",
        "description": "Final test description",
        "image": "",
        "created_at": "2025-08-30 16:33:12",
        "updated_at": "2025-08-30 16:33:12"
    },
    {
        "id": 11,
        "name": "Test Category 1756557266156",
        "description": "Test description 1756557266156",
        "image": "",
        "created_at": "2025-08-30 16:34:26",
        "updated_at": "2025-08-30 16:34:26"
    }
]